part_no,part_id,part_code,label,label_text,name,part_name,qty,quantity,count,material,material_hint,material_group,group,is_tpu,split_group,plate_id,plate,plate_group,module,title,stl,stl_file,stl_path,file,filename,path,file_path,source_file,source_path,output_stl,step,step_file,step_path,bbox_x,bbox_y,bbox_z,printable,marked,notes
PS-RV227-CHS-FL,PS-RV227-CHS-FL,PS-RV227-CHS-FL,PS-RV227-CHS-FL,PS-RV227-CHS-FL,front-left split chassis with female slide slot,front-left split chassis with female slide slot,1,1,1,PETG,PETG,HARD,HARD,0,HARD,A1-HARD-01,A1-HARD-01,A1-HARD-01,common_rover_v227,front-left split chassis with female slide slot,stl/PS-RV227-CHS-FL.stl,stl/PS-RV227-CHS-FL.stl,stl/PS-RV227-CHS-FL.stl,stl/PS-RV227-CHS-FL.stl,stl/PS-RV227-CHS-FL.stl,stl/PS-RV227-CHS-FL.stl,stl/PS-RV227-CHS-FL.stl,stl/PS-RV227-CHS-FL.stl,stl/PS-RV227-CHS-FL.stl,stl/PS-RV227-CHS-FL.stl,step/PS-RV227-CHS-FL.step,step/PS-RV227-CHS-FL.step,step/PS-RV227-CHS-FL.step,118.000,178.000,22.000,1,1,printed chassis quadrant; v2.27 fused tabs; no metal screw dependency
PS-RV227-CHS-FR,PS-RV227-CHS-FR,PS-RV227-CHS-FR,PS-RV227-CHS-FR,PS-RV227-CHS-FR,front-right split chassis with female slide slot,front-right split chassis with female slide slot,1,1,1,PETG,PETG,HARD,HARD,0,HARD,A1-HARD-01,A1-HARD-01,A1-HARD-01,common_rover_v227,front-right split chassis with female slide slot,stl/PS-RV227-CHS-FR.stl,stl/PS-RV227-CHS-FR.stl,stl/PS-RV227-CHS-FR.stl,stl/PS-RV227-CHS-FR.stl,stl/PS-RV227-CHS-FR.stl,stl/PS-RV227-CHS-FR.stl,stl/PS-RV227-CHS-FR.stl,stl/PS-RV227-CHS-FR.stl,stl/PS-RV227-CHS-FR.stl,stl/PS-RV227-CHS-FR.stl,step/PS-RV227-CHS-FR.step,step/PS-RV227-CHS-FR.step,step/PS-RV227-CHS-FR.step,118.000,178.000,22.000,1,1,printed chassis quadrant; v2.27 fused tabs
PS-RV227-CHS-RL,PS-RV227-CHS-RL,PS-RV227-CHS-RL,PS-RV227-CHS-RL,PS-RV227-CHS-RL,rear-left split chassis with female slide slot,rear-left split chassis with female slide slot,1,1,1,PETG,PETG,HARD,HARD,0,HARD,A1-HARD-01,A1-HARD-01,A1-HARD-01,common_rover_v227,rear-left split chassis with female slide slot,stl/PS-RV227-CHS-RL.stl,stl/PS-RV227-CHS-RL.stl,stl/PS-RV227-CHS-RL.stl,stl/PS-RV227-CHS-RL.stl,stl/PS-RV227-CHS-RL.stl,stl/PS-RV227-CHS-RL.stl,stl/PS-RV227-CHS-RL.stl,stl/PS-RV227-CHS-RL.stl,stl/PS-RV227-CHS-RL.stl,stl/PS-RV227-CHS-RL.stl,step/PS-RV227-CHS-RL.step,step/PS-RV227-CHS-RL.step,step/PS-RV227-CHS-RL.step,118.000,178.000,22.000,1,1,printed chassis quadrant; v2.27 fused tabs
PS-RV227-CHS-RR,PS-RV227-CHS-RR,PS-RV227-CHS-RR,PS-RV227-CHS-RR,PS-RV227-CHS-RR,rear-right split chassis with female slide slot,rear-right split chassis with female slide slot,1,1,1,PETG,PETG,HARD,HARD,0,HARD,A1-HARD-01,A1-HARD-01,A1-HARD-01,common_rover_v227,rear-right split chassis with female slide slot,stl/PS-RV227-CHS-RR.stl,stl/PS-RV227-CHS-RR.stl,stl/PS-RV227-CHS-RR.stl,stl/PS-RV227-CHS-RR.stl,stl/PS-RV227-CHS-RR.stl,stl/PS-RV227-CHS-RR.stl,stl/PS-RV227-CHS-RR.stl,stl/PS-RV227-CHS-RR.stl,stl/PS-RV227-CHS-RR.stl,stl/PS-RV227-CHS-RR.stl,step/PS-RV227-CHS-RR.step,step/PS-RV227-CHS-RR.step,step/PS-RV227-CHS-RR.step,118.000,178.000,22.000,1,1,printed chassis quadrant; v2.27 fused tabs
PS-WBX-MCR-L,PS-WBX-MCR-L,PS-WBX-MCR-L,PS-WBX-MCR-L,PS-WBX-MCR-L,multi-cradle left rail for commercial or dual printed boxes,multi-cradle left rail for commercial or dual printed boxes,1,1,1,PETG,PETG,HARD,HARD,0,HARD,A1-HARD-02,A1-HARD-02,A1-HARD-02,common_rover_v227,multi-cradle left rail for commercial or dual printed boxes,stl/PS-WBX-MCR-L.stl,stl/PS-WBX-MCR-L.stl,stl/PS-WBX-MCR-L.stl,stl/PS-WBX-MCR-L.stl,stl/PS-WBX-MCR-L.stl,stl/PS-WBX-MCR-L.stl,stl/PS-WBX-MCR-L.stl,stl/PS-WBX-MCR-L.stl,stl/PS-WBX-MCR-L.stl,stl/PS-WBX-MCR-L.stl,step/PS-WBX-MCR-L.step,step/PS-WBX-MCR-L.step,step/PS-WBX-MCR-L.step,18.000,430.000,18.000,1,1,slide rail + fused low hold-down geometry
PS-WBX-MCR-R,PS-WBX-MCR-R,PS-WBX-MCR-R,PS-WBX-MCR-R,PS-WBX-MCR-R,multi-cradle right rail for commercial or dual printed boxes,multi-cradle right rail for commercial or dual printed boxes,1,1,1,PETG,PETG,HARD,HARD,0,HARD,A1-HARD-02,A1-HARD-02,A1-HARD-02,common_rover_v227,multi-cradle right rail for commercial or dual printed boxes,stl/PS-WBX-MCR-R.stl,stl/PS-WBX-MCR-R.stl,stl/PS-WBX-MCR-R.stl,stl/PS-WBX-MCR-R.stl,stl/PS-WBX-MCR-R.stl,stl/PS-WBX-MCR-R.stl,stl/PS-WBX-MCR-R.stl,stl/PS-WBX-MCR-R.stl,stl/PS-WBX-MCR-R.stl,stl/PS-WBX-MCR-R.stl,step/PS-WBX-MCR-R.step,step/PS-WBX-MCR-R.step,step/PS-WBX-MCR-R.step,18.000,430.000,18.000,1,1,slide rail + fused low hold-down geometry
PS-WBX-MCR-LOC-S,PS-WBX-MCR-LOC-S,PS-WBX-MCR-LOC-S,PS-WBX-MCR-LOC-S,PS-WBX-MCR-LOC-S,front/rear adjustable locator set,front/rear adjustable locator set,1,1,1,PETG,PETG,HARD,HARD,0,HARD,A1-HARD-02,A1-HARD-02,A1-HARD-02,common_rover_v227,front/rear adjustable locator set,stl/PS-WBX-MCR-LOC-S.stl,stl/PS-WBX-MCR-LOC-S.stl,stl/PS-WBX-MCR-LOC-S.stl,stl/PS-WBX-MCR-LOC-S.stl,stl/PS-WBX-MCR-LOC-S.stl,stl/PS-WBX-MCR-LOC-S.stl,stl/PS-WBX-MCR-LOC-S.stl,stl/PS-WBX-MCR-LOC-S.stl,stl/PS-WBX-MCR-LOC-S.stl,stl/PS-WBX-MCR-LOC-S.stl,step/PS-WBX-MCR-LOC-S.step,step/PS-WBX-MCR-LOC-S.step,step/PS-WBX-MCR-LOC-S.step,120.000,28.000,22.000,1,1,locator blocks for 300x200x120 or dual 150x200x120 boxes
PS-WBX-MCR-WDG-S,PS-WBX-MCR-WDG-S,PS-WBX-MCR-WDG-S,PS-WBX-MCR-WDG-S,PS-WBX-MCR-WDG-S,printed wedge key set for box cradle,printed wedge key set for box cradle,1,1,1,PETG,PETG,HARD,HARD,0,HARD,A1-HARD-02,A1-HARD-02,A1-HARD-02,common_rover_v227,printed wedge key set for box cradle,stl/PS-WBX-MCR-WDG-S.stl,stl/PS-WBX-MCR-WDG-S.stl,stl/PS-WBX-MCR-WDG-S.stl,stl/PS-WBX-MCR-WDG-S.stl,stl/PS-WBX-MCR-WDG-S.stl,stl/PS-WBX-MCR-WDG-S.stl,stl/PS-WBX-MCR-WDG-S.stl,stl/PS-WBX-MCR-WDG-S.stl,stl/PS-WBX-MCR-WDG-S.stl,stl/PS-WBX-MCR-WDG-S.stl,step/PS-WBX-MCR-WDG-S.step,step/PS-WBX-MCR-WDG-S.step,step/PS-WBX-MCR-WDG-S.step,92.000,52.000,12.000,1,1,no metal screw wedge locks
PS-WBX-MCR-LAT-S,PS-WBX-MCR-LAT-S,PS-WBX-MCR-LAT-S,PS-WBX-MCR-LAT-S,PS-WBX-MCR-LAT-S,printed latch key set for low hold-downs,printed latch key set for low hold-downs,1,1,1,PETG,PETG,HARD,HARD,0,HARD,A1-HARD-02,A1-HARD-02,A1-HARD-02,common_rover_v227,printed latch key set for low hold-downs,stl/PS-WBX-MCR-LAT-S.stl,stl/PS-WBX-MCR-LAT-S.stl,stl/PS-WBX-MCR-LAT-S.stl,stl/PS-WBX-MCR-LAT-S.stl,stl/PS-WBX-MCR-LAT-S.stl,stl/PS-WBX-MCR-LAT-S.stl,stl/PS-WBX-MCR-LAT-S.stl,stl/PS-WBX-MCR-LAT-S.stl,stl/PS-WBX-MCR-LAT-S.stl,stl/PS-WBX-MCR-LAT-S.stl,step/PS-WBX-MCR-LAT-S.step,step/PS-WBX-MCR-LAT-S.step,step/PS-WBX-MCR-LAT-S.step,82.000,48.000,14.000,1,1,low top protrusion latch keys
PS-WBX-MCR-GAUGE,PS-WBX-MCR-GAUGE,PS-WBX-MCR-GAUGE,PS-WBX-MCR-GAUGE,PS-WBX-MCR-GAUGE,transport rack height interference gauge,transport rack height interference gauge,1,1,1,PETG,PETG,HARD,HARD,0,HARD,A1-HARD-02,A1-HARD-02,A1-HARD-02,common_rover_v227,transport rack height interference gauge,stl/PS-WBX-MCR-GAUGE.stl,stl/PS-WBX-MCR-GAUGE.stl,stl/PS-WBX-MCR-GAUGE.stl,stl/PS-WBX-MCR-GAUGE.stl,stl/PS-WBX-MCR-GAUGE.stl,stl/PS-WBX-MCR-GAUGE.stl,stl/PS-WBX-MCR-GAUGE.stl,stl/PS-WBX-MCR-GAUGE.stl,stl/PS-WBX-MCR-GAUGE.stl,stl/PS-WBX-MCR-GAUGE.stl,step/PS-WBX-MCR-GAUGE.step,step/PS-WBX-MCR-GAUGE.step,step/PS-WBX-MCR-GAUGE.step,170.000,18.000,16.000,1,1,checks HCS-G1 roof rack clearance
PS-RV227-CBOX-BDY,PS-RV227-CBOX-BDY,PS-RV227-CBOX-BDY,PS-RV227-CBOX-BDY,PS-RV227-CBOX-BDY,printed control/drive waterproof box body,printed control/drive waterproof box body,1,1,1,PETG,PETG,HARD,HARD,0,HARD,A1-HARD-03,A1-HARD-03,A1-HARD-03,common_rover_v227,printed control/drive waterproof box body,stl/PS-RV227-CBOX-BDY.stl,stl/PS-RV227-CBOX-BDY.stl,stl/PS-RV227-CBOX-BDY.stl,stl/PS-RV227-CBOX-BDY.stl,stl/PS-RV227-CBOX-BDY.stl,stl/PS-RV227-CBOX-BDY.stl,stl/PS-RV227-CBOX-BDY.stl,stl/PS-RV227-CBOX-BDY.stl,stl/PS-RV227-CBOX-BDY.stl,stl/PS-RV227-CBOX-BDY.stl,step/PS-RV227-CBOX-BDY.step,step/PS-RV227-CBOX-BDY.step,step/PS-RV227-CBOX-BDY.step,150.000,200.000,120.000,1,1,two top-open wire-drop notches with bottom-only rounded cable guide; no floating body label
PS-RV227-CBOX-LID,PS-RV227-CBOX-LID,PS-RV227-CBOX-LID,PS-RV227-CBOX-LID,PS-RV227-CBOX-LID,printed control/drive box lid with gasket groove,printed control/drive box lid with gasket groove,1,1,1,PETG,PETG,HARD,HARD,0,HARD,A1-HARD-03,A1-HARD-03,A1-HARD-03,common_rover_v227,printed control/drive box lid with gasket groove,stl/PS-RV227-CBOX-LID.stl,stl/PS-RV227-CBOX-LID.stl,stl/PS-RV227-CBOX-LID.stl,stl/PS-RV227-CBOX-LID.stl,stl/PS-RV227-CBOX-LID.stl,stl/PS-RV227-CBOX-LID.stl,stl/PS-RV227-CBOX-LID.stl,stl/PS-RV227-CBOX-LID.stl,stl/PS-RV227-CBOX-LID.stl,stl/PS-RV227-CBOX-LID.stl,step/PS-RV227-CBOX-LID.step,step/PS-RV227-CBOX-LID.step,step/PS-RV227-CBOX-LID.step,166.000,216.000,16.000,1,1,support-safe flat lid; solid lid label OK
PS-RV227-BBOX-BDY,PS-RV227-BBOX-BDY,PS-RV227-BBOX-BDY,PS-RV227-BBOX-BDY,PS-RV227-BBOX-BDY,printed power/battery waterproof box body,printed power/battery waterproof box body,1,1,1,PETG,PETG,HARD,HARD,0,HARD,A1-HARD-03,A1-HARD-03,A1-HARD-03,common_rover_v227,printed power/battery waterproof box body,stl/PS-RV227-BBOX-BDY.stl,stl/PS-RV227-BBOX-BDY.stl,stl/PS-RV227-BBOX-BDY.stl,stl/PS-RV227-BBOX-BDY.stl,stl/PS-RV227-BBOX-BDY.stl,stl/PS-RV227-BBOX-BDY.stl,stl/PS-RV227-BBOX-BDY.stl,stl/PS-RV227-BBOX-BDY.stl,stl/PS-RV227-BBOX-BDY.stl,stl/PS-RV227-BBOX-BDY.stl,step/PS-RV227-BBOX-BDY.step,step/PS-RV227-BBOX-BDY.step,step/PS-RV227-BBOX-BDY.step,150.000,200.000,120.000,1,1,two top-open wire-drop notches with bottom-only rounded cable guide; no floating body label
PS-RV227-BBOX-LID,PS-RV227-BBOX-LID,PS-RV227-BBOX-LID,PS-RV227-BBOX-LID,PS-RV227-BBOX-LID,printed power/battery box lid with gasket groove,printed power/battery box lid with gasket groove,1,1,1,PETG,PETG,HARD,HARD,0,HARD,A1-HARD-03,A1-HARD-03,A1-HARD-03,common_rover_v227,printed power/battery box lid with gasket groove,stl/PS-RV227-BBOX-LID.stl,stl/PS-RV227-BBOX-LID.stl,stl/PS-RV227-BBOX-LID.stl,stl/PS-RV227-BBOX-LID.stl,stl/PS-RV227-BBOX-LID.stl,stl/PS-RV227-BBOX-LID.stl,stl/PS-RV227-BBOX-LID.stl,stl/PS-RV227-BBOX-LID.stl,stl/PS-RV227-BBOX-LID.stl,stl/PS-RV227-BBOX-LID.stl,step/PS-RV227-BBOX-LID.step,step/PS-RV227-BBOX-LID.step,step/PS-RV227-BBOX-LID.step,166.000,216.000,16.000,1,1,support-safe flat lid; solid lid label OK
PS-RV227-CBOX-GSK,PS-RV227-CBOX-GSK,PS-RV227-CBOX-GSK,PS-RV227-CBOX-GSK,PS-RV227-CBOX-GSK,TPU gasket for control box lid,TPU gasket for control box lid,1,1,1,TPU,TPU,TPU,TPU,1,TPU,A1-TPU-01,A1-TPU-01,A1-TPU-01,common_rover_v227,TPU gasket for control box lid,stl/PS-RV227-CBOX-GSK.stl,stl/PS-RV227-CBOX-GSK.stl,stl/PS-RV227-CBOX-GSK.stl,stl/PS-RV227-CBOX-GSK.stl,stl/PS-RV227-CBOX-GSK.stl,stl/PS-RV227-CBOX-GSK.stl,stl/PS-RV227-CBOX-GSK.stl,stl/PS-RV227-CBOX-GSK.stl,stl/PS-RV227-CBOX-GSK.stl,stl/PS-RV227-CBOX-GSK.stl,step/PS-RV227-CBOX-GSK.step,step/PS-RV227-CBOX-GSK.step,step/PS-RV227-CBOX-GSK.step,154.000,204.000,3.000,1,1,TPU/EPDM gasket candidate
PS-RV227-BBOX-GSK,PS-RV227-BBOX-GSK,PS-RV227-BBOX-GSK,PS-RV227-BBOX-GSK,PS-RV227-BBOX-GSK,TPU gasket for battery box lid,TPU gasket for battery box lid,1,1,1,TPU,TPU,TPU,TPU,1,TPU,A1-TPU-01,A1-TPU-01,A1-TPU-01,common_rover_v227,TPU gasket for battery box lid,stl/PS-RV227-BBOX-GSK.stl,stl/PS-RV227-BBOX-GSK.stl,stl/PS-RV227-BBOX-GSK.stl,stl/PS-RV227-BBOX-GSK.stl,stl/PS-RV227-BBOX-GSK.stl,stl/PS-RV227-BBOX-GSK.stl,stl/PS-RV227-BBOX-GSK.stl,stl/PS-RV227-BBOX-GSK.stl,stl/PS-RV227-BBOX-GSK.stl,stl/PS-RV227-BBOX-GSK.stl,step/PS-RV227-BBOX-GSK.step,step/PS-RV227-BBOX-GSK.step,step/PS-RV227-BBOX-GSK.step,154.000,204.000,3.000,1,1,TPU/EPDM gasket candidate
PS-RV227-DBX-RC,PS-RV227-DBX-RC,PS-RV227-DBX-RC,PS-RV227-DBX-RC,PS-RV227-DBX-RC,low raincoat seam cover for dual box seam,low raincoat seam cover for dual box seam,1,1,1,PETG,PETG,HARD,HARD,0,HARD,A1-HARD-03,A1-HARD-03,A1-HARD-03,common_rover_v227,low raincoat seam cover for dual box seam,stl/PS-RV227-DBX-RC.stl,stl/PS-RV227-DBX-RC.stl,stl/PS-RV227-DBX-RC.stl,stl/PS-RV227-DBX-RC.stl,stl/PS-RV227-DBX-RC.stl,stl/PS-RV227-DBX-RC.stl,stl/PS-RV227-DBX-RC.stl,stl/PS-RV227-DBX-RC.stl,stl/PS-RV227-DBX-RC.stl,stl/PS-RV227-DBX-RC.stl,step/PS-RV227-DBX-RC.step,step/PS-RV227-DBX-RC.step,step/PS-RV227-DBX-RC.step,160.000,54.000,18.000,1,1,support-clean flat shingle raincoat cover; usage angle by mounting
PS-RV227-DBX-PLG-S,PS-RV227-DBX-PLG-S,PS-RV227-DBX-PLG-S,PS-RV227-DBX-PLG-S,PS-RV227-DBX-PLG-S,TPU sloped slot plug set,TPU sloped slot plug set,1,1,1,TPU,TPU,TPU,TPU,1,TPU,A1-TPU-01,A1-TPU-01,A1-TPU-01,common_rover_v227,TPU sloped slot plug set,stl/PS-RV227-DBX-PLG-S.stl,stl/PS-RV227-DBX-PLG-S.stl,stl/PS-RV227-DBX-PLG-S.stl,stl/PS-RV227-DBX-PLG-S.stl,stl/PS-RV227-DBX-PLG-S.stl,stl/PS-RV227-DBX-PLG-S.stl,stl/PS-RV227-DBX-PLG-S.stl,stl/PS-RV227-DBX-PLG-S.stl,stl/PS-RV227-DBX-PLG-S.stl,stl/PS-RV227-DBX-PLG-S.stl,step/PS-RV227-DBX-PLG-S.step,step/PS-RV227-DBX-PLG-S.step,step/PS-RV227-DBX-PLG-S.step,96.000,28.000,6.000,1,1,support-clean plug set on sacrificial sprue base
PS-RCP-G1,PS-RCP-G1,PS-RCP-G1,PS-RCP-G1,PS-RCP-G1,rear high-mounted control panel,rear high-mounted control panel,1,1,1,PETG,PETG,HARD,HARD,0,HARD,A1-HARD-04,A1-HARD-04,A1-HARD-04,common_rover_v227,rear high-mounted control panel,stl/PS-RCP-G1.stl,stl/PS-RCP-G1.stl,stl/PS-RCP-G1.stl,stl/PS-RCP-G1.stl,stl/PS-RCP-G1.stl,stl/PS-RCP-G1.stl,stl/PS-RCP-G1.stl,stl/PS-RCP-G1.stl,stl/PS-RCP-G1.stl,stl/PS-RCP-G1.stl,step/PS-RCP-G1.step,step/PS-RCP-G1.step,step/PS-RCP-G1.step,170.000,28.000,58.000,1,1,"real switch hole panel: 23mm E-stop, 17mm buttons, LED/buzzer holes, rear potting cups"
PS-RV227-RCP-BRKT,PS-RV227-RCP-BRKT,PS-RV227-RCP-BRKT,PS-RV227-RCP-BRKT,PS-RV227-RCP-BRKT,raised top-access bracket for RCP-G1 control panel,raised top-access bracket for RCP-G1 control panel,1,1,1,PETG,PETG,HARD,HARD,0,HARD,A1-HARD-04,A1-HARD-04,A1-HARD-04,common_rover_v227,raised top-access bracket for RCP-G1 control panel,stl/PS-RV227-RCP-BRKT.stl,stl/PS-RV227-RCP-BRKT.stl,stl/PS-RV227-RCP-BRKT.stl,stl/PS-RV227-RCP-BRKT.stl,stl/PS-RV227-RCP-BRKT.stl,stl/PS-RV227-RCP-BRKT.stl,stl/PS-RV227-RCP-BRKT.stl,stl/PS-RV227-RCP-BRKT.stl,stl/PS-RV227-RCP-BRKT.stl,stl/PS-RV227-RCP-BRKT.stl,step/PS-RV227-RCP-BRKT.step,step/PS-RV227-RCP-BRKT.step,step/PS-RV227-RCP-BRKT.step,98.000,42.000,56.000,1,1,separates E-stop access from PTO face; mounts control panel above box edge with front/rear bolt slots
PS-WCH-G1,PS-WCH-G1,PS-WCH-G1,PS-WCH-G1,PS-WCH-G1,wa-shaped rain return cable hood,wa-shaped rain return cable hood,1,1,1,PETG,PETG,HARD,HARD,0,HARD,A1-HARD-04,A1-HARD-04,A1-HARD-04,common_rover_v227,wa-shaped rain return cable hood,stl/PS-WCH-G1.stl,stl/PS-WCH-G1.stl,stl/PS-WCH-G1.stl,stl/PS-WCH-G1.stl,stl/PS-WCH-G1.stl,stl/PS-WCH-G1.stl,stl/PS-WCH-G1.stl,stl/PS-WCH-G1.stl,stl/PS-WCH-G1.stl,stl/PS-WCH-G1.stl,step/PS-WCH-G1.step,step/PS-WCH-G1.step,step/PS-WCH-G1.step,92.000,70.000,42.000,1,1,support-clean flat shingle cable hood; usage angle by mounting
PS-RV227-PTO,PS-RV227-PTO,PS-RV227-PTO,PS-RV227-PTO,PS-RV227-PTO,front two-port PTO panel with bayonet lugs,front two-port PTO panel with bayonet lugs,1,1,1,PETG,PETG,HARD,HARD,0,HARD,A1-HARD-04,A1-HARD-04,A1-HARD-04,common_rover_v227,front two-port PTO panel with bayonet lugs,stl/PS-RV227-PTO.stl,stl/PS-RV227-PTO.stl,stl/PS-RV227-PTO.stl,stl/PS-RV227-PTO.stl,stl/PS-RV227-PTO.stl,stl/PS-RV227-PTO.stl,stl/PS-RV227-PTO.stl,stl/PS-RV227-PTO.stl,stl/PS-RV227-PTO.stl,stl/PS-RV227-PTO.stl,step/PS-RV227-PTO.step,step/PS-RV227-PTO.step,step/PS-RV227-PTO.step,162.000,24.000,72.000,1,1,support-clean face-up PTO representation; PTO stays on front lower face and is separated from emergency-stop controls
PS-RV227-MPL,PS-RV227-MPL,PS-RV227-MPL,PS-RV227-MPL,PS-RV227-MPL,left high motor pod,left high motor pod,1,1,1,PETG,PETG,HARD,HARD,0,HARD,A1-HARD-04,A1-HARD-04,A1-HARD-04,common_rover_v227,left high motor pod,stl/PS-RV227-MPL.stl,stl/PS-RV227-MPL.stl,stl/PS-RV227-MPL.stl,stl/PS-RV227-MPL.stl,stl/PS-RV227-MPL.stl,stl/PS-RV227-MPL.stl,stl/PS-RV227-MPL.stl,stl/PS-RV227-MPL.stl,stl/PS-RV227-MPL.stl,stl/PS-RV227-MPL.stl,step/PS-RV227-MPL.step,step/PS-RV227-MPL.step,step/PS-RV227-MPL.step,54.000,132.000,58.000,1,1,left high mounted motor pod; v2.27 fused cable boss; recessed external label
PS-RV227-MPR,PS-RV227-MPR,PS-RV227-MPR,PS-RV227-MPR,PS-RV227-MPR,right high motor pod,right high motor pod,1,1,1,PETG,PETG,HARD,HARD,0,HARD,A1-HARD-04,A1-HARD-04,A1-HARD-04,common_rover_v227,right high motor pod,stl/PS-RV227-MPR.stl,stl/PS-RV227-MPR.stl,stl/PS-RV227-MPR.stl,stl/PS-RV227-MPR.stl,stl/PS-RV227-MPR.stl,stl/PS-RV227-MPR.stl,stl/PS-RV227-MPR.stl,stl/PS-RV227-MPR.stl,stl/PS-RV227-MPR.stl,stl/PS-RV227-MPR.stl,step/PS-RV227-MPR.step,step/PS-RV227-MPR.step,step/PS-RV227-MPR.step,54.000,132.000,58.000,1,1,right high mounted motor pod; v2.27 fused cable boss; recessed external label
PS-RV227-DRC-LF,PS-RV227-DRC-LF,PS-RV227-DRC-LF,PS-RV227-DRC-LF,PS-RV227-DRC-LF,left front functional drive case half,left front functional drive case half,1,1,1,PETG,PETG,HARD,HARD,0,HARD,A1-HARD-05,A1-HARD-05,A1-HARD-05,common_rover_v227,left front functional drive case half,stl/PS-RV227-DRC-LF.stl,stl/PS-RV227-DRC-LF.stl,stl/PS-RV227-DRC-LF.stl,stl/PS-RV227-DRC-LF.stl,stl/PS-RV227-DRC-LF.stl,stl/PS-RV227-DRC-LF.stl,stl/PS-RV227-DRC-LF.stl,stl/PS-RV227-DRC-LF.stl,stl/PS-RV227-DRC-LF.stl,stl/PS-RV227-DRC-LF.stl,step/PS-RV227-DRC-LF.step,step/PS-RV227-DRC-LF.step,step/PS-RV227-DRC-LF.step,32.000,120.000,38.000,1,1,"cavity, rod holes, service cover rail, drain"
PS-RV227-DRC-LR,PS-RV227-DRC-LR,PS-RV227-DRC-LR,PS-RV227-DRC-LR,PS-RV227-DRC-LR,left rear functional drive case half,left rear functional drive case half,1,1,1,PETG,PETG,HARD,HARD,0,HARD,A1-HARD-05,A1-HARD-05,A1-HARD-05,common_rover_v227,left rear functional drive case half,stl/PS-RV227-DRC-LR.stl,stl/PS-RV227-DRC-LR.stl,stl/PS-RV227-DRC-LR.stl,stl/PS-RV227-DRC-LR.stl,stl/PS-RV227-DRC-LR.stl,stl/PS-RV227-DRC-LR.stl,stl/PS-RV227-DRC-LR.stl,stl/PS-RV227-DRC-LR.stl,stl/PS-RV227-DRC-LR.stl,stl/PS-RV227-DRC-LR.stl,step/PS-RV227-DRC-LR.step,step/PS-RV227-DRC-LR.step,step/PS-RV227-DRC-LR.step,32.000,120.000,38.000,1,1,"cavity, rod holes, service cover rail, drain"
PS-RV227-DRC-RF,PS-RV227-DRC-RF,PS-RV227-DRC-RF,PS-RV227-DRC-RF,PS-RV227-DRC-RF,right front functional drive case half,right front functional drive case half,1,1,1,PETG,PETG,HARD,HARD,0,HARD,A1-HARD-05,A1-HARD-05,A1-HARD-05,common_rover_v227,right front functional drive case half,stl/PS-RV227-DRC-RF.stl,stl/PS-RV227-DRC-RF.stl,stl/PS-RV227-DRC-RF.stl,stl/PS-RV227-DRC-RF.stl,stl/PS-RV227-DRC-RF.stl,stl/PS-RV227-DRC-RF.stl,stl/PS-RV227-DRC-RF.stl,stl/PS-RV227-DRC-RF.stl,stl/PS-RV227-DRC-RF.stl,stl/PS-RV227-DRC-RF.stl,step/PS-RV227-DRC-RF.step,step/PS-RV227-DRC-RF.step,step/PS-RV227-DRC-RF.step,32.000,120.000,38.000,1,1,"cavity, rod holes, service cover rail, drain"
PS-RV227-DRC-RR,PS-RV227-DRC-RR,PS-RV227-DRC-RR,PS-RV227-DRC-RR,PS-RV227-DRC-RR,right rear functional drive case half,right rear functional drive case half,1,1,1,PETG,PETG,HARD,HARD,0,HARD,A1-HARD-05,A1-HARD-05,A1-HARD-05,common_rover_v227,right rear functional drive case half,stl/PS-RV227-DRC-RR.stl,stl/PS-RV227-DRC-RR.stl,stl/PS-RV227-DRC-RR.stl,stl/PS-RV227-DRC-RR.stl,stl/PS-RV227-DRC-RR.stl,stl/PS-RV227-DRC-RR.stl,stl/PS-RV227-DRC-RR.stl,stl/PS-RV227-DRC-RR.stl,stl/PS-RV227-DRC-RR.stl,stl/PS-RV227-DRC-RR.stl,step/PS-RV227-DRC-RR.step,step/PS-RV227-DRC-RR.step,step/PS-RV227-DRC-RR.step,32.000,120.000,38.000,1,1,"cavity, rod holes, service cover rail, drain"
PS-RV227-DRC-CVR-S,PS-RV227-DRC-CVR-S,PS-RV227-DRC-CVR-S,PS-RV227-DRC-CVR-S,PS-RV227-DRC-CVR-S,slide service cover set for drive cases,slide service cover set for drive cases,1,1,1,PETG,PETG,HARD,HARD,0,HARD,A1-HARD-05,A1-HARD-05,A1-HARD-05,common_rover_v227,slide service cover set for drive cases,stl/PS-RV227-DRC-CVR-S.stl,stl/PS-RV227-DRC-CVR-S.stl,stl/PS-RV227-DRC-CVR-S.stl,stl/PS-RV227-DRC-CVR-S.stl,stl/PS-RV227-DRC-CVR-S.stl,stl/PS-RV227-DRC-CVR-S.stl,stl/PS-RV227-DRC-CVR-S.stl,stl/PS-RV227-DRC-CVR-S.stl,stl/PS-RV227-DRC-CVR-S.stl,stl/PS-RV227-DRC-CVR-S.stl,step/PS-RV227-DRC-CVR-S.step,step/PS-RV227-DRC-CVR-S.step,step/PS-RV227-DRC-CVR-S.step,118.000,82.000,8.000,1,1,four slide service covers
PS-RV227-GEA-18T-S,PS-RV227-GEA-18T-S,PS-RV227-GEA-18T-S,PS-RV227-GEA-18T-S,PS-RV227-GEA-18T-S,printed 18 tooth gear set,printed 18 tooth gear set,1,1,1,PETG,PETG,HARD,HARD,0,HARD,A1-HARD-05,A1-HARD-05,A1-HARD-05,common_rover_v227,printed 18 tooth gear set,stl/PS-RV227-GEA-18T-S.stl,stl/PS-RV227-GEA-18T-S.stl,stl/PS-RV227-GEA-18T-S.stl,stl/PS-RV227-GEA-18T-S.stl,stl/PS-RV227-GEA-18T-S.stl,stl/PS-RV227-GEA-18T-S.stl,stl/PS-RV227-GEA-18T-S.stl,stl/PS-RV227-GEA-18T-S.stl,stl/PS-RV227-GEA-18T-S.stl,stl/PS-RV227-GEA-18T-S.stl,step/PS-RV227-GEA-18T-S.step,step/PS-RV227-GEA-18T-S.step,step/PS-RV227-GEA-18T-S.step,120.000,60.000,12.000,1,1,assembly/test gears; metal rods still recommended for load
PS-RV227-IDR-S,PS-RV227-IDR-S,PS-RV227-IDR-S,PS-RV227-IDR-S,PS-RV227-IDR-S,printed idler roller set,printed idler roller set,1,1,1,PETG,PETG,HARD,HARD,0,HARD,A1-HARD-05,A1-HARD-05,A1-HARD-05,common_rover_v227,printed idler roller set,stl/PS-RV227-IDR-S.stl,stl/PS-RV227-IDR-S.stl,stl/PS-RV227-IDR-S.stl,stl/PS-RV227-IDR-S.stl,stl/PS-RV227-IDR-S.stl,stl/PS-RV227-IDR-S.stl,stl/PS-RV227-IDR-S.stl,stl/PS-RV227-IDR-S.stl,stl/PS-RV227-IDR-S.stl,stl/PS-RV227-IDR-S.stl,step/PS-RV227-IDR-S.step,step/PS-RV227-IDR-S.step,step/PS-RV227-IDR-S.step,88.000,42.000,12.000,1,1,idler rollers for belt/chain route mockup
PS-RV227-PIN-S,PS-RV227-PIN-S,PS-RV227-PIN-S,PS-RV227-PIN-S,PS-RV227-PIN-S,printed service pin and retainer set,printed service pin and retainer set,1,1,1,PETG,PETG,HARD,HARD,0,HARD,A1-HARD-05,A1-HARD-05,A1-HARD-05,common_rover_v227,printed service pin and retainer set,stl/PS-RV227-PIN-S.stl,stl/PS-RV227-PIN-S.stl,stl/PS-RV227-PIN-S.stl,stl/PS-RV227-PIN-S.stl,stl/PS-RV227-PIN-S.stl,stl/PS-RV227-PIN-S.stl,stl/PS-RV227-PIN-S.stl,stl/PS-RV227-PIN-S.stl,stl/PS-RV227-PIN-S.stl,stl/PS-RV227-PIN-S.stl,step/PS-RV227-PIN-S.step,step/PS-RV227-PIN-S.step,step/PS-RV227-PIN-S.step,110.000,42.000,10.000,1,1,printed service pins and retainers
PS-RV227-WBASE-L,PS-RV227-WBASE-L,PS-RV227-WBASE-L,PS-RV227-WBASE-L,PS-RV227-WBASE-L,left printable wheelbase side rail with axle carriers,left printable wheelbase side rail with axle carriers,1,1,1,PETG,PETG,HARD,HARD,0,HARD,A1-HARD-06,A1-HARD-06,A1-HARD-06,common_rover_v227,left printable wheelbase side rail with axle carriers,stl/PS-RV227-WBASE-L.stl,stl/PS-RV227-WBASE-L.stl,stl/PS-RV227-WBASE-L.stl,stl/PS-RV227-WBASE-L.stl,stl/PS-RV227-WBASE-L.stl,stl/PS-RV227-WBASE-L.stl,stl/PS-RV227-WBASE-L.stl,stl/PS-RV227-WBASE-L.stl,stl/PS-RV227-WBASE-L.stl,stl/PS-RV227-WBASE-L.stl,step/PS-RV227-WBASE-L.step,step/PS-RV227-WBASE-L.step,step/PS-RV227-WBASE-L.step,224.000,32.000,20.000,1,1,moving model wheelbase; axle carrier rail; low-load printed model
PS-RV227-WBASE-R,PS-RV227-WBASE-R,PS-RV227-WBASE-R,PS-RV227-WBASE-R,PS-RV227-WBASE-R,right printable wheelbase side rail with axle carriers,right printable wheelbase side rail with axle carriers,1,1,1,PETG,PETG,HARD,HARD,0,HARD,A1-HARD-06,A1-HARD-06,A1-HARD-06,common_rover_v227,right printable wheelbase side rail with axle carriers,stl/PS-RV227-WBASE-R.stl,stl/PS-RV227-WBASE-R.stl,stl/PS-RV227-WBASE-R.stl,stl/PS-RV227-WBASE-R.stl,stl/PS-RV227-WBASE-R.stl,stl/PS-RV227-WBASE-R.stl,stl/PS-RV227-WBASE-R.stl,stl/PS-RV227-WBASE-R.stl,stl/PS-RV227-WBASE-R.stl,stl/PS-RV227-WBASE-R.stl,step/PS-RV227-WBASE-R.step,step/PS-RV227-WBASE-R.step,step/PS-RV227-WBASE-R.step,224.000,32.000,20.000,1,1,moving model wheelbase; axle carrier rail; low-load printed model
PS-RV227-DRIVE-L,PS-RV227-DRIVE-L,PS-RV227-DRIVE-L,PS-RV227-DRIVE-L,PS-RV227-DRIVE-L,left visible gearbox-to-wheel drive path module,left visible gearbox-to-wheel drive path module,1,1,1,PETG,PETG,HARD,HARD,0,HARD,A1-HARD-06,A1-HARD-06,A1-HARD-06,common_rover_v227,left visible gearbox-to-wheel drive path module,stl/PS-RV227-DRIVE-L.stl,stl/PS-RV227-DRIVE-L.stl,stl/PS-RV227-DRIVE-L.stl,stl/PS-RV227-DRIVE-L.stl,stl/PS-RV227-DRIVE-L.stl,stl/PS-RV227-DRIVE-L.stl,stl/PS-RV227-DRIVE-L.stl,stl/PS-RV227-DRIVE-L.stl,stl/PS-RV227-DRIVE-L.stl,stl/PS-RV227-DRIVE-L.stl,step/PS-RV227-DRIVE-L.step,step/PS-RV227-DRIVE-L.step,step/PS-RV227-DRIVE-L.step,218.000,46.000,18.000,1,1,visible belt/chain drive path from drive case output to front/rear wheel axles
PS-RV227-DRIVE-R,PS-RV227-DRIVE-R,PS-RV227-DRIVE-R,PS-RV227-DRIVE-R,PS-RV227-DRIVE-R,right visible gearbox-to-wheel drive path module,right visible gearbox-to-wheel drive path module,1,1,1,PETG,PETG,HARD,HARD,0,HARD,A1-HARD-06,A1-HARD-06,A1-HARD-06,common_rover_v227,right visible gearbox-to-wheel drive path module,stl/PS-RV227-DRIVE-R.stl,stl/PS-RV227-DRIVE-R.stl,stl/PS-RV227-DRIVE-R.stl,stl/PS-RV227-DRIVE-R.stl,stl/PS-RV227-DRIVE-R.stl,stl/PS-RV227-DRIVE-R.stl,stl/PS-RV227-DRIVE-R.stl,stl/PS-RV227-DRIVE-R.stl,stl/PS-RV227-DRIVE-R.stl,stl/PS-RV227-DRIVE-R.stl,step/PS-RV227-DRIVE-R.step,step/PS-RV227-DRIVE-R.step,step/PS-RV227-DRIVE-R.step,218.000,46.000,18.000,1,1,visible belt/chain drive path from drive case output to front/rear wheel axles
PS-RV227-AXLE-HUB-S,PS-RV227-AXLE-HUB-S,PS-RV227-AXLE-HUB-S,PS-RV227-AXLE-HUB-S,PS-RV227-AXLE-HUB-S,printable axle hub and wheel retainer set,printable axle hub and wheel retainer set,1,1,1,PETG,PETG,HARD,HARD,0,HARD,A1-HARD-06,A1-HARD-06,A1-HARD-06,common_rover_v227,printable axle hub and wheel retainer set,stl/PS-RV227-AXLE-HUB-S.stl,stl/PS-RV227-AXLE-HUB-S.stl,stl/PS-RV227-AXLE-HUB-S.stl,stl/PS-RV227-AXLE-HUB-S.stl,stl/PS-RV227-AXLE-HUB-S.stl,stl/PS-RV227-AXLE-HUB-S.stl,stl/PS-RV227-AXLE-HUB-S.stl,stl/PS-RV227-AXLE-HUB-S.stl,stl/PS-RV227-AXLE-HUB-S.stl,stl/PS-RV227-AXLE-HUB-S.stl,step/PS-RV227-AXLE-HUB-S.step,step/PS-RV227-AXLE-HUB-S.step,step/PS-RV227-AXLE-HUB-S.step,126.000,38.000,14.000,1,1,low-load model hubs/retainers for printed axles and TPU wheels
PS-RV227-FLT-L,PS-RV227-FLT-L,PS-RV227-FLT-L,PS-RV227-FLT-L,PS-RV227-FLT-L,left side float pontoon,left side float pontoon,1,1,1,PETG,PETG,HARD,HARD,0,HARD,A1-HARD-07,A1-HARD-07,A1-HARD-07,common_rover_v227,left side float pontoon,stl/PS-RV227-FLT-L.stl,stl/PS-RV227-FLT-L.stl,stl/PS-RV227-FLT-L.stl,stl/PS-RV227-FLT-L.stl,stl/PS-RV227-FLT-L.stl,stl/PS-RV227-FLT-L.stl,stl/PS-RV227-FLT-L.stl,stl/PS-RV227-FLT-L.stl,stl/PS-RV227-FLT-L.stl,stl/PS-RV227-FLT-L.stl,step/PS-RV227-FLT-L.step,step/PS-RV227-FLT-L.step,step/PS-RV227-FLT-L.step,226.000,34.000,22.000,1,1,support-clean side float / mud skid pontoon; model only until sealed
PS-RV227-FLT-R,PS-RV227-FLT-R,PS-RV227-FLT-R,PS-RV227-FLT-R,PS-RV227-FLT-R,right side float pontoon,right side float pontoon,1,1,1,PETG,PETG,HARD,HARD,0,HARD,A1-HARD-07,A1-HARD-07,A1-HARD-07,common_rover_v227,right side float pontoon,stl/PS-RV227-FLT-R.stl,stl/PS-RV227-FLT-R.stl,stl/PS-RV227-FLT-R.stl,stl/PS-RV227-FLT-R.stl,stl/PS-RV227-FLT-R.stl,stl/PS-RV227-FLT-R.stl,stl/PS-RV227-FLT-R.stl,stl/PS-RV227-FLT-R.stl,stl/PS-RV227-FLT-R.stl,stl/PS-RV227-FLT-R.stl,step/PS-RV227-FLT-R.step,step/PS-RV227-FLT-R.step,step/PS-RV227-FLT-R.step,226.000,34.000,22.000,1,1,support-clean side float / mud skid pontoon; model only until sealed
PS-RV227-HULL-SKID,PS-RV227-HULL-SKID,PS-RV227-HULL-SKID,PS-RV227-HULL-SKID,PS-RV227-HULL-SKID,central shallow boat skid hull,central shallow boat skid hull,1,1,1,PETG,PETG,HARD,HARD,0,HARD,A1-HARD-07,A1-HARD-07,A1-HARD-07,common_rover_v227,central shallow boat skid hull,stl/PS-RV227-HULL-SKID.stl,stl/PS-RV227-HULL-SKID.stl,stl/PS-RV227-HULL-SKID.stl,stl/PS-RV227-HULL-SKID.stl,stl/PS-RV227-HULL-SKID.stl,stl/PS-RV227-HULL-SKID.stl,stl/PS-RV227-HULL-SKID.stl,stl/PS-RV227-HULL-SKID.stl,stl/PS-RV227-HULL-SKID.stl,stl/PS-RV227-HULL-SKID.stl,step/PS-RV227-HULL-SKID.step,step/PS-RV227-HULL-SKID.step,step/PS-RV227-HULL-SKID.step,178.000,214.000,18.000,1,1,shallow underbody boat/skid tray for low-load moving model and float layout check
PS-RV227-PAX-6X172-S,PS-RV227-PAX-6X172-S,PS-RV227-PAX-6X172-S,PS-RV227-PAX-6X172-S,PS-RV227-PAX-6X172-S,printed 6mm class axle surrogate set,printed 6mm class axle surrogate set,1,1,1,PETG,PETG,HARD,HARD,0,HARD,A1-HARD-08,A1-HARD-08,A1-HARD-08,common_rover_v227,printed 6mm class axle surrogate set,stl/PS-RV227-PAX-6X172-S.stl,stl/PS-RV227-PAX-6X172-S.stl,stl/PS-RV227-PAX-6X172-S.stl,stl/PS-RV227-PAX-6X172-S.stl,stl/PS-RV227-PAX-6X172-S.stl,stl/PS-RV227-PAX-6X172-S.stl,stl/PS-RV227-PAX-6X172-S.stl,stl/PS-RV227-PAX-6X172-S.stl,stl/PS-RV227-PAX-6X172-S.stl,stl/PS-RV227-PAX-6X172-S.stl,step/PS-RV227-PAX-6X172-S.step,step/PS-RV227-PAX-6X172-S.step,step/PS-RV227-PAX-6X172-S.step,190.000,44.000,8.000,1,1,plastic surrogate for 6mm x 172mm wheel axles; low-load model only
PS-RV227-PAX-4X54-S,PS-RV227-PAX-4X54-S,PS-RV227-PAX-4X54-S,PS-RV227-PAX-4X54-S,PS-RV227-PAX-4X54-S,printed 4mm class gearbox rod surrogate set,printed 4mm class gearbox rod surrogate set,1,1,1,PETG,PETG,HARD,HARD,0,HARD,A1-HARD-08,A1-HARD-08,A1-HARD-08,common_rover_v227,printed 4mm class gearbox rod surrogate set,stl/PS-RV227-PAX-4X54-S.stl,stl/PS-RV227-PAX-4X54-S.stl,stl/PS-RV227-PAX-4X54-S.stl,stl/PS-RV227-PAX-4X54-S.stl,stl/PS-RV227-PAX-4X54-S.stl,stl/PS-RV227-PAX-4X54-S.stl,stl/PS-RV227-PAX-4X54-S.stl,stl/PS-RV227-PAX-4X54-S.stl,stl/PS-RV227-PAX-4X54-S.stl,stl/PS-RV227-PAX-4X54-S.stl,step/PS-RV227-PAX-4X54-S.step,step/PS-RV227-PAX-4X54-S.step,step/PS-RV227-PAX-4X54-S.step,112.000,46.000,6.000,1,1,plastic surrogate for 4mm x 54mm gearbox rods; low-load model only
PS-RV227-PAX-6X52-S,PS-RV227-PAX-6X52-S,PS-RV227-PAX-6X52-S,PS-RV227-PAX-6X52-S,PS-RV227-PAX-6X52-S,printed 6mm class PTO alignment surrogate set,printed 6mm class PTO alignment surrogate set,1,1,1,PETG,PETG,HARD,HARD,0,HARD,A1-HARD-08,A1-HARD-08,A1-HARD-08,common_rover_v227,printed 6mm class PTO alignment surrogate set,stl/PS-RV227-PAX-6X52-S.stl,stl/PS-RV227-PAX-6X52-S.stl,stl/PS-RV227-PAX-6X52-S.stl,stl/PS-RV227-PAX-6X52-S.stl,stl/PS-RV227-PAX-6X52-S.stl,stl/PS-RV227-PAX-6X52-S.stl,stl/PS-RV227-PAX-6X52-S.stl,stl/PS-RV227-PAX-6X52-S.stl,stl/PS-RV227-PAX-6X52-S.stl,stl/PS-RV227-PAX-6X52-S.stl,step/PS-RV227-PAX-6X52-S.step,step/PS-RV227-PAX-6X52-S.step,step/PS-RV227-PAX-6X52-S.step,90.000,28.000,8.000,1,1,plastic surrogate for 6mm x 52mm PTO/alignment rods; low-load model only
PS-RV227-LOWER-FRAME,PS-RV227-LOWER-FRAME,PS-RV227-LOWER-FRAME,PS-RV227-LOWER-FRAME,PS-RV227-LOWER-FRAME,one-piece visible lower undercarriage wheelbase frame,one-piece visible lower undercarriage wheelbase frame,1,1,1,PETG,PETG,HARD,HARD,0,HARD,A1-HARD-09,A1-HARD-09,A1-HARD-09,common_rover_v227,one-piece visible lower undercarriage wheelbase frame,stl/PS-RV227-LOWER-FRAME.stl,stl/PS-RV227-LOWER-FRAME.stl,stl/PS-RV227-LOWER-FRAME.stl,stl/PS-RV227-LOWER-FRAME.stl,stl/PS-RV227-LOWER-FRAME.stl,stl/PS-RV227-LOWER-FRAME.stl,stl/PS-RV227-LOWER-FRAME.stl,stl/PS-RV227-LOWER-FRAME.stl,stl/PS-RV227-LOWER-FRAME.stl,stl/PS-RV227-LOWER-FRAME.stl,step/PS-RV227-LOWER-FRAME.step,step/PS-RV227-LOWER-FRAME.step,step/PS-RV227-LOWER-FRAME.step,232.000,188.000,22.000,1,1,clear wheelbase frame with front/rear axle carriers and center gearbox mounts
PS-RV227-GBOX-INTERNAL-L,PS-RV227-GBOX-INTERNAL-L,PS-RV227-GBOX-INTERNAL-L,PS-RV227-GBOX-INTERNAL-L,PS-RV227-GBOX-INTERNAL-L,left gearbox internal gear mockup cartridge,left gearbox internal gear mockup cartridge,1,1,1,PETG,PETG,HARD,HARD,0,HARD,A1-HARD-09,A1-HARD-09,A1-HARD-09,common_rover_v227,left gearbox internal gear mockup cartridge,stl/PS-RV227-GBOX-INTERNAL-L.stl,stl/PS-RV227-GBOX-INTERNAL-L.stl,stl/PS-RV227-GBOX-INTERNAL-L.stl,stl/PS-RV227-GBOX-INTERNAL-L.stl,stl/PS-RV227-GBOX-INTERNAL-L.stl,stl/PS-RV227-GBOX-INTERNAL-L.stl,stl/PS-RV227-GBOX-INTERNAL-L.stl,stl/PS-RV227-GBOX-INTERNAL-L.stl,stl/PS-RV227-GBOX-INTERNAL-L.stl,stl/PS-RV227-GBOX-INTERNAL-L.stl,step/PS-RV227-GBOX-INTERNAL-L.step,step/PS-RV227-GBOX-INTERNAL-L.step,step/PS-RV227-GBOX-INTERNAL-L.step,118.000,46.000,16.000,1,1,printed gear train mockup replacing metal gears for low-load model
PS-RV227-GBOX-INTERNAL-R,PS-RV227-GBOX-INTERNAL-R,PS-RV227-GBOX-INTERNAL-R,PS-RV227-GBOX-INTERNAL-R,PS-RV227-GBOX-INTERNAL-R,right gearbox internal gear mockup cartridge,right gearbox internal gear mockup cartridge,1,1,1,PETG,PETG,HARD,HARD,0,HARD,A1-HARD-09,A1-HARD-09,A1-HARD-09,common_rover_v227,right gearbox internal gear mockup cartridge,stl/PS-RV227-GBOX-INTERNAL-R.stl,stl/PS-RV227-GBOX-INTERNAL-R.stl,stl/PS-RV227-GBOX-INTERNAL-R.stl,stl/PS-RV227-GBOX-INTERNAL-R.stl,stl/PS-RV227-GBOX-INTERNAL-R.stl,stl/PS-RV227-GBOX-INTERNAL-R.stl,stl/PS-RV227-GBOX-INTERNAL-R.stl,stl/PS-RV227-GBOX-INTERNAL-R.stl,stl/PS-RV227-GBOX-INTERNAL-R.stl,stl/PS-RV227-GBOX-INTERNAL-R.stl,step/PS-RV227-GBOX-INTERNAL-R.step,step/PS-RV227-GBOX-INTERNAL-R.step,step/PS-RV227-GBOX-INTERNAL-R.step,118.000,46.000,16.000,1,1,printed gear train mockup replacing metal gears for low-load model
PS-RV227-AXLE-SPROCKET-S,PS-RV227-AXLE-SPROCKET-S,PS-RV227-AXLE-SPROCKET-S,PS-RV227-AXLE-SPROCKET-S,PS-RV227-AXLE-SPROCKET-S,axle sprocket and spacer set for four wheels,axle sprocket and spacer set for four wheels,1,1,1,PETG,PETG,HARD,HARD,0,HARD,A1-HARD-09,A1-HARD-09,A1-HARD-09,common_rover_v227,axle sprocket and spacer set for four wheels,stl/PS-RV227-AXLE-SPROCKET-S.stl,stl/PS-RV227-AXLE-SPROCKET-S.stl,stl/PS-RV227-AXLE-SPROCKET-S.stl,stl/PS-RV227-AXLE-SPROCKET-S.stl,stl/PS-RV227-AXLE-SPROCKET-S.stl,stl/PS-RV227-AXLE-SPROCKET-S.stl,stl/PS-RV227-AXLE-SPROCKET-S.stl,stl/PS-RV227-AXLE-SPROCKET-S.stl,stl/PS-RV227-AXLE-SPROCKET-S.stl,stl/PS-RV227-AXLE-SPROCKET-S.stl,step/PS-RV227-AXLE-SPROCKET-S.step,step/PS-RV227-AXLE-SPROCKET-S.step,step/PS-RV227-AXLE-SPROCKET-S.step,132.000,52.000,12.000,1,1,four axle sprockets/pulleys plus spacers for printed wheel axles
PS-RV227-FLT-BRACKET-S,PS-RV227-FLT-BRACKET-S,PS-RV227-FLT-BRACKET-S,PS-RV227-FLT-BRACKET-S,PS-RV227-FLT-BRACKET-S,float and hull bracket set,float and hull bracket set,1,1,1,PETG,PETG,HARD,HARD,0,HARD,A1-HARD-09,A1-HARD-09,A1-HARD-09,common_rover_v227,float and hull bracket set,stl/PS-RV227-FLT-BRACKET-S.stl,stl/PS-RV227-FLT-BRACKET-S.stl,stl/PS-RV227-FLT-BRACKET-S.stl,stl/PS-RV227-FLT-BRACKET-S.stl,stl/PS-RV227-FLT-BRACKET-S.stl,stl/PS-RV227-FLT-BRACKET-S.stl,stl/PS-RV227-FLT-BRACKET-S.stl,stl/PS-RV227-FLT-BRACKET-S.stl,stl/PS-RV227-FLT-BRACKET-S.stl,stl/PS-RV227-FLT-BRACKET-S.stl,step/PS-RV227-FLT-BRACKET-S.step,step/PS-RV227-FLT-BRACKET-S.step,step/PS-RV227-FLT-BRACKET-S.step,142.000,46.000,12.000,1,1,brackets connecting side floats and central hull/skid to lower frame
PS-RV227-FLT-RCV-L,PS-RV227-FLT-RCV-L,PS-RV227-FLT-RCV-L,PS-RV227-FLT-RCV-L,PS-RV227-FLT-RCV-L,left inboard side float receiver rail,left inboard side float receiver rail,1,1,1,PETG,PETG,HARD,HARD,0,HARD,A1-HARD-10,A1-HARD-10,A1-HARD-10,common_rover_v227,left inboard side float receiver rail,stl/PS-RV227-FLT-RCV-L.stl,stl/PS-RV227-FLT-RCV-L.stl,stl/PS-RV227-FLT-RCV-L.stl,stl/PS-RV227-FLT-RCV-L.stl,stl/PS-RV227-FLT-RCV-L.stl,stl/PS-RV227-FLT-RCV-L.stl,stl/PS-RV227-FLT-RCV-L.stl,stl/PS-RV227-FLT-RCV-L.stl,stl/PS-RV227-FLT-RCV-L.stl,stl/PS-RV227-FLT-RCV-L.stl,step/PS-RV227-FLT-RCV-L.step,step/PS-RV227-FLT-RCV-L.step,step/PS-RV227-FLT-RCV-L.step,226.000,28.000,18.000,1,1,removable inboard side receiver for FLT-L or foam float; keeps float mount inside wheel envelope where possible
PS-RV227-FLT-RCV-R,PS-RV227-FLT-RCV-R,PS-RV227-FLT-RCV-R,PS-RV227-FLT-RCV-R,PS-RV227-FLT-RCV-R,right inboard side float receiver rail,right inboard side float receiver rail,1,1,1,PETG,PETG,HARD,HARD,0,HARD,A1-HARD-10,A1-HARD-10,A1-HARD-10,common_rover_v227,right inboard side float receiver rail,stl/PS-RV227-FLT-RCV-R.stl,stl/PS-RV227-FLT-RCV-R.stl,stl/PS-RV227-FLT-RCV-R.stl,stl/PS-RV227-FLT-RCV-R.stl,stl/PS-RV227-FLT-RCV-R.stl,stl/PS-RV227-FLT-RCV-R.stl,stl/PS-RV227-FLT-RCV-R.stl,stl/PS-RV227-FLT-RCV-R.stl,stl/PS-RV227-FLT-RCV-R.stl,stl/PS-RV227-FLT-RCV-R.stl,step/PS-RV227-FLT-RCV-R.step,step/PS-RV227-FLT-RCV-R.step,step/PS-RV227-FLT-RCV-R.step,226.000,28.000,18.000,1,1,removable inboard side receiver for FLT-R or foam float; keeps float mount inside wheel envelope where possible
PS-RV227-FLT-RCV-FR-S,PS-RV227-FLT-RCV-FR-S,PS-RV227-FLT-RCV-FR-S,PS-RV227-FLT-RCV-FR-S,PS-RV227-FLT-RCV-FR-S,front/rear cross float receiver saddle set,front/rear cross float receiver saddle set,1,1,1,PETG,PETG,HARD,HARD,0,HARD,A1-HARD-10,A1-HARD-10,A1-HARD-10,common_rover_v227,front/rear cross float receiver saddle set,stl/PS-RV227-FLT-RCV-FR-S.stl,stl/PS-RV227-FLT-RCV-FR-S.stl,stl/PS-RV227-FLT-RCV-FR-S.stl,stl/PS-RV227-FLT-RCV-FR-S.stl,stl/PS-RV227-FLT-RCV-FR-S.stl,stl/PS-RV227-FLT-RCV-FR-S.stl,stl/PS-RV227-FLT-RCV-FR-S.stl,stl/PS-RV227-FLT-RCV-FR-S.stl,stl/PS-RV227-FLT-RCV-FR-S.stl,stl/PS-RV227-FLT-RCV-FR-S.stl,step/PS-RV227-FLT-RCV-FR-S.step,step/PS-RV227-FLT-RCV-FR-S.step,step/PS-RV227-FLT-RCV-FR-S.step,188.000,58.000,16.000,1,1,front and rear cross saddles for float blocks; avoids side-width growth
PS-RV227-FLT-STRAP-S,PS-RV227-FLT-STRAP-S,PS-RV227-FLT-STRAP-S,PS-RV227-FLT-STRAP-S,PS-RV227-FLT-STRAP-S,float strap and locator key set,float strap and locator key set,1,1,1,TPU,TPU,TPU,TPU,1,TPU,A1-TPU-03,A1-TPU-03,A1-TPU-03,common_rover_v227,float strap and locator key set,stl/PS-RV227-FLT-STRAP-S.stl,stl/PS-RV227-FLT-STRAP-S.stl,stl/PS-RV227-FLT-STRAP-S.stl,stl/PS-RV227-FLT-STRAP-S.stl,stl/PS-RV227-FLT-STRAP-S.stl,stl/PS-RV227-FLT-STRAP-S.stl,stl/PS-RV227-FLT-STRAP-S.stl,stl/PS-RV227-FLT-STRAP-S.stl,stl/PS-RV227-FLT-STRAP-S.stl,stl/PS-RV227-FLT-STRAP-S.stl,step/PS-RV227-FLT-STRAP-S.step,step/PS-RV227-FLT-STRAP-S.step,step/PS-RV227-FLT-STRAP-S.step,148.000,48.000,5.000,1,1,TPU strap/locator mockup for detachable float modules; not a final load-rated strap
PS-RV227-BELT-L,PS-RV227-BELT-L,PS-RV227-BELT-L,PS-RV227-BELT-L,PS-RV227-BELT-L,left TPU loop belt mockup,left TPU loop belt mockup,1,1,1,TPU,TPU,TPU,TPU,1,TPU,A1-TPU-03,A1-TPU-03,A1-TPU-03,common_rover_v227,left TPU loop belt mockup,stl/PS-RV227-BELT-L.stl,stl/PS-RV227-BELT-L.stl,stl/PS-RV227-BELT-L.stl,stl/PS-RV227-BELT-L.stl,stl/PS-RV227-BELT-L.stl,stl/PS-RV227-BELT-L.stl,stl/PS-RV227-BELT-L.stl,stl/PS-RV227-BELT-L.stl,stl/PS-RV227-BELT-L.stl,stl/PS-RV227-BELT-L.stl,step/PS-RV227-BELT-L.step,step/PS-RV227-BELT-L.step,step/PS-RV227-BELT-L.step,198.000,42.000,4.000,1,1,TPU belt/chain loop mockup from gearbox output to front/rear axle sprockets
PS-RV227-BELT-R,PS-RV227-BELT-R,PS-RV227-BELT-R,PS-RV227-BELT-R,PS-RV227-BELT-R,right TPU loop belt mockup,right TPU loop belt mockup,1,1,1,TPU,TPU,TPU,TPU,1,TPU,A1-TPU-03,A1-TPU-03,A1-TPU-03,common_rover_v227,right TPU loop belt mockup,stl/PS-RV227-BELT-R.stl,stl/PS-RV227-BELT-R.stl,stl/PS-RV227-BELT-R.stl,stl/PS-RV227-BELT-R.stl,stl/PS-RV227-BELT-R.stl,stl/PS-RV227-BELT-R.stl,stl/PS-RV227-BELT-R.stl,stl/PS-RV227-BELT-R.stl,stl/PS-RV227-BELT-R.stl,stl/PS-RV227-BELT-R.stl,step/PS-RV227-BELT-R.step,step/PS-RV227-BELT-R.step,step/PS-RV227-BELT-R.step,198.000,42.000,4.000,1,1,TPU belt/chain loop mockup from gearbox output to front/rear axle sprockets
PS-RV227-WHL-FL,PS-RV227-WHL-FL,PS-RV227-WHL-FL,PS-RV227-WHL-FL,PS-RV227-WHL-FL,front-left support-clean vertical TPU tire placeholder,front-left support-clean vertical TPU tire placeholder,1,1,1,TPU,TPU,TPU,TPU,1,TPU,A1-TPU-02,A1-TPU-02,A1-TPU-02,common_rover_v227,front-left support-clean vertical TPU tire placeholder,stl/PS-RV227-WHL-FL.stl,stl/PS-RV227-WHL-FL.stl,stl/PS-RV227-WHL-FL.stl,stl/PS-RV227-WHL-FL.stl,stl/PS-RV227-WHL-FL.stl,stl/PS-RV227-WHL-FL.stl,stl/PS-RV227-WHL-FL.stl,stl/PS-RV227-WHL-FL.stl,stl/PS-RV227-WHL-FL.stl,stl/PS-RV227-WHL-FL.stl,step/PS-RV227-WHL-FL.step,step/PS-RV227-WHL-FL.step,step/PS-RV227-WHL-FL.step,112.000,42.000,112.000,1,1,support-clean vertical TPU tire/contact placeholder
PS-RV227-WHL-FR,PS-RV227-WHL-FR,PS-RV227-WHL-FR,PS-RV227-WHL-FR,PS-RV227-WHL-FR,front-right support-clean vertical TPU tire placeholder,front-right support-clean vertical TPU tire placeholder,1,1,1,TPU,TPU,TPU,TPU,1,TPU,A1-TPU-02,A1-TPU-02,A1-TPU-02,common_rover_v227,front-right support-clean vertical TPU tire placeholder,stl/PS-RV227-WHL-FR.stl,stl/PS-RV227-WHL-FR.stl,stl/PS-RV227-WHL-FR.stl,stl/PS-RV227-WHL-FR.stl,stl/PS-RV227-WHL-FR.stl,stl/PS-RV227-WHL-FR.stl,stl/PS-RV227-WHL-FR.stl,stl/PS-RV227-WHL-FR.stl,stl/PS-RV227-WHL-FR.stl,stl/PS-RV227-WHL-FR.stl,step/PS-RV227-WHL-FR.step,step/PS-RV227-WHL-FR.step,step/PS-RV227-WHL-FR.step,112.000,42.000,112.000,1,1,support-clean vertical TPU tire/contact placeholder
PS-RV227-WHL-RL,PS-RV227-WHL-RL,PS-RV227-WHL-RL,PS-RV227-WHL-RL,PS-RV227-WHL-RL,rear-left support-clean vertical TPU tire placeholder,rear-left support-clean vertical TPU tire placeholder,1,1,1,TPU,TPU,TPU,TPU,1,TPU,A1-TPU-02,A1-TPU-02,A1-TPU-02,common_rover_v227,rear-left support-clean vertical TPU tire placeholder,stl/PS-RV227-WHL-RL.stl,stl/PS-RV227-WHL-RL.stl,stl/PS-RV227-WHL-RL.stl,stl/PS-RV227-WHL-RL.stl,stl/PS-RV227-WHL-RL.stl,stl/PS-RV227-WHL-RL.stl,stl/PS-RV227-WHL-RL.stl,stl/PS-RV227-WHL-RL.stl,stl/PS-RV227-WHL-RL.stl,stl/PS-RV227-WHL-RL.stl,step/PS-RV227-WHL-RL.step,step/PS-RV227-WHL-RL.step,step/PS-RV227-WHL-RL.step,112.000,42.000,112.000,1,1,support-clean vertical TPU tire/contact placeholder
PS-RV227-WHL-RR,PS-RV227-WHL-RR,PS-RV227-WHL-RR,PS-RV227-WHL-RR,PS-RV227-WHL-RR,rear-right support-clean vertical TPU tire placeholder,rear-right support-clean vertical TPU tire placeholder,1,1,1,TPU,TPU,TPU,TPU,1,TPU,A1-TPU-02,A1-TPU-02,A1-TPU-02,common_rover_v227,rear-right support-clean vertical TPU tire placeholder,stl/PS-RV227-WHL-RR.stl,stl/PS-RV227-WHL-RR.stl,stl/PS-RV227-WHL-RR.stl,stl/PS-RV227-WHL-RR.stl,stl/PS-RV227-WHL-RR.stl,stl/PS-RV227-WHL-RR.stl,stl/PS-RV227-WHL-RR.stl,stl/PS-RV227-WHL-RR.stl,stl/PS-RV227-WHL-RR.stl,stl/PS-RV227-WHL-RR.stl,step/PS-RV227-WHL-RR.step,step/PS-RV227-WHL-RR.step,step/PS-RV227-WHL-RR.step,112.000,42.000,112.000,1,1,support-clean vertical TPU tire/contact placeholder
